id,informationProvider,relationshipToPatient,placeOfEmployment
1,The Patient (You),NULL,NULL
2,The Patient (You),NULL,NULL
3,The Patient (You),NULL,NULL
4,The Patient (You),NULL,NULL
5,Gregor Buddles,Brother,Shuffletag
6,Tina Gummery,Spouse,Zoomlounge
7,Brianne Smeath,Father,Tazzy
8,The Patient (You),NULL,NULL
9,The Patient (You),NULL,NULL
10,Bessie Ferrone,Son,Babbleset
11,The Patient (You),NULL,NULL
12,Cecil Gilhoolie,Sister,Bubblebox
13,The Patient (You),NULL,NULL
14,The Patient (You),NULL,NULL
15,Ariela Melross,Daughter,Ozu
16,The Patient (You),NULL,NULL
17,Fianna Cromwell,Friend,Flipbug
18,The Patient (You),NULL,NULL
19,Ruby Erangey,Spouse,Fiveclub
20,The Patient (You),NULL,NULL
21,Gloria Speerman,Son,Browsedrive
22,The Patient (You),NULL,NULL
23,The Patient (You),NULL,NULL
24,Kathe Godley,Son,Yombu
25,The Patient (You),NULL,NULL
26,The Patient (You),NULL,NULL
27,Morris Grisdale,Brother,Jaxspan
28,The Patient (You),NULL,NULL
29,The Patient (You),NULL,NULL
30,The Patient (You),NULL,NULL
31,The Patient (You),NULL,NULL
32,Christopher Limrick,Spouse,Aivee
33,The Patient (You),NULL,NULL
34,The Patient (You),NULL,NULL
35,The Patient (You),NULL,NULL
36,The Patient (You),NULL,NULL
37,The Patient (You),NULL,NULL
38,The Patient (You),NULL,NULL
39,The Patient (You),NULL,NULL
40,Burl Hellyar,Daughter,Skinder
41,The Patient (You),NULL,NULL
42,The Patient (You),NULL,NULL
43,The Patient (You),NULL,NULL
44,Armin Slimme,Cousin,Wordify
45,The Patient (You),NULL,NULL
46,The Patient (You),NULL,NULL
47,The Patient (You),NULL,NULL
48,The Patient (You),NULL,NULL
49,The Patient (You),NULL,NULL
50,The Patient (You),NULL,NULL
51,Helge Buckthorp,Son,Skilith
52,Lizzy Hyndman,Father,Realpoint
53,Goddart Ply,Brother,Mydo
54,The Patient (You),NULL,NULL
55,The Patient (You),NULL,NULL
56,The Patient (You),NULL,NULL
57,The Patient (You),NULL,NULL
58,Danice Baldick,Brother,Flashspan
59,The Patient (You),NULL,NULL
60,The Patient (You),NULL,NULL
61,Laverna Mauvin,Friend,Brainlounge
62,Brady Cumming,Mother,Voomm
63,Brade Hitchens,Daughter,Demizz
64,The Patient (You),NULL,NULL
65,The Patient (You),NULL,NULL
66,The Patient (You),NULL,NULL
67,The Patient (You),NULL,NULL
68,The Patient (You),NULL,NULL
69,Toni Hollow,Daughter,Gabtype
70,The Patient (You),NULL,NULL
71,The Patient (You),NULL,NULL
72,The Patient (You),NULL,NULL
73,The Patient (You),NULL,NULL
74,The Patient (You),NULL,NULL
75,The Patient (You),NULL,NULL
76,The Patient (You),NULL,NULL
77,The Patient (You),NULL,NULL
78,The Patient (You),NULL,NULL
79,The Patient (You),NULL,NULL
80,The Patient (You),NULL,NULL
81,The Patient (You),NULL,NULL
82,Merrile Janikowski,Daughter,Meemm
83,Madge Weems,Friend,Skinix
84,Bern Petticrew,Sister,Youtags
85,The Patient (You),NULL,NULL
86,Shep Gillogley,Daughter,Flipstorm
87,Toddy Largen,Father,Jabbersphere
88,The Patient (You),NULL,NULL
89,Pieter Hubbart,Sister,Skiba
90,The Patient (You),NULL,NULL
91,The Patient (You),NULL,NULL
92,The Patient (You),NULL,NULL
93,Tiffany Dumini,Sister,Oyonder
94,The Patient (You),NULL,NULL
95,The Patient (You),NULL,NULL
96,Hirsch Aneley,Mother,Wordtune
97,The Patient (You),NULL,NULL
98,The Patient (You),NULL,NULL
99,The Patient (You),NULL,NULL
100,The Patient (You),NULL,NULL
101,Amalea Shelmardine,Brother,Lazz
102,The Patient (You),NULL,NULL
103,Vaughn Elgood,Sister,Eamia
104,The Patient (You),NULL,NULL
105,The Patient (You),NULL,NULL
106,Malina Christofor,Son,Livepath
107,The Patient (You),NULL,NULL
108,The Patient (You),NULL,NULL
109,Karalynn Formie,Father,Talane
110,Sarina Tuff,Spouse,Oyoloo
111,The Patient (You),NULL,NULL
112,Alan Snook,Brother,Linkbuzz
113,The Patient (You),NULL,NULL
114,Fred Szymon,Son,Feedfish
115,The Patient (You),NULL,NULL
116,Gram Jeenes,Mother,Quamba
117,The Patient (You),NULL,NULL
118,The Patient (You),NULL,NULL
119,Dennet Eldrett,Spouse,Brainverse
120,The Patient (You),NULL,NULL
121,The Patient (You),NULL,NULL
122,Marlane Highman,Son,Edgewire
123,The Patient (You),NULL,NULL
124,The Patient (You),NULL,NULL
125,Kathy Sales,Friend,Gabcube
126,The Patient (You),NULL,NULL
127,The Patient (You),NULL,NULL
128,Lorianne Challoner,Father,Quimm
129,The Patient (You),NULL,NULL
130,The Patient (You),NULL,NULL
131,The Patient (You),NULL,NULL
132,The Patient (You),NULL,NULL
133,The Patient (You),NULL,NULL
134,The Patient (You),NULL,NULL
135,The Patient (You),NULL,NULL
136,The Patient (You),NULL,NULL
137,The Patient (You),NULL,NULL
138,The Patient (You),NULL,NULL
139,The Patient (You),NULL,NULL
140,The Patient (You),NULL,NULL
141,The Patient (You),NULL,NULL
142,The Patient (You),NULL,NULL
143,The Patient (You),NULL,NULL
144,The Patient (You),NULL,NULL
145,Bianka McDirmid,Cousin,Kimia
146,Cele Beastall,Daughter,Dabfeed
147,The Patient (You),NULL,NULL
148,The Patient (You),NULL,NULL
149,Lynn Dunleavy,Sister,Kwilith
150,The Patient (You),NULL,NULL
151,The Patient (You),NULL,NULL
152,The Patient (You),NULL,NULL
153,The Patient (You),NULL,NULL
154,Denver Runchman,Brother,Edgewire
155,Iver Geaves,Sister,Zava
156,The Patient (You),NULL,NULL
157,The Patient (You),NULL,NULL
158,The Patient (You),NULL,NULL
159,Audrie Crosio,Sister,Twitterwire
160,The Patient (You),NULL,NULL
161,The Patient (You),NULL,NULL
162,The Patient (You),NULL,NULL
163,The Patient (You),NULL,NULL
164,Simona Sheepy,Sister,Brainsphere
165,Porty Hazleton,Spouse,Kaymbo
166,The Patient (You),NULL,NULL
167,The Patient (You),NULL,NULL
168,The Patient (You),NULL,NULL
169,Dee Cornil,Spouse,Linklinks
170,The Patient (You),NULL,NULL
171,The Patient (You),NULL,NULL
172,The Patient (You),NULL,NULL
173,The Patient (You),NULL,NULL
174,Christabella Revan,Brother,Devshare
175,The Patient (You),NULL,NULL
176,The Patient (You),NULL,NULL
177,The Patient (You),NULL,NULL
178,The Patient (You),NULL,NULL
179,The Patient (You),NULL,NULL
180,The Patient (You),NULL,NULL
181,Clark Carletto,Father,Meetz
182,The Patient (You),NULL,NULL
183,The Patient (You),NULL,NULL
184,The Patient (You),NULL,NULL
185,The Patient (You),NULL,NULL
186,Ravid Martinson,Cousin,Lazz
187,The Patient (You),NULL,NULL
188,The Patient (You),NULL,NULL
189,The Patient (You),NULL,NULL
190,Stephanus Boxall,Brother,Gigabox
191,The Patient (You),NULL,NULL
192,Brana Grinishin,Son,Skipfire
193,The Patient (You),NULL,NULL
194,The Patient (You),NULL,NULL
195,The Patient (You),NULL,NULL
196,Joannes Dominico,Cousin,Youspan
197,The Patient (You),NULL,NULL
198,The Patient (You),NULL,NULL
199,Dewain Puddifer,Cousin,Kazio
200,The Patient (You),NULL,NULL
201,Alexandra Nickell,Mother,Rhycero
202,The Patient (You),NULL,NULL
203,The Patient (You),NULL,NULL
204,Wendell Pering,Spouse,Gigabox
205,The Patient (You),NULL,NULL
206,Vergil Crosfeld,Cousin,Meetz
207,The Patient (You),NULL,NULL
208,Michele Simnel,Friend,Snaptags
209,Rubetta Brito,Brother,Devify
210,Donnell Thornber,Spouse,Edgeblab
211,The Patient (You),NULL,NULL
212,The Patient (You),NULL,NULL
213,The Patient (You),NULL,NULL
214,The Patient (You),NULL,NULL
215,The Patient (You),NULL,NULL
216,The Patient (You),NULL,NULL
217,Giselbert Earles,Daughter,Kare
218,The Patient (You),NULL,NULL
219,The Patient (You),NULL,NULL
220,The Patient (You),NULL,NULL
221,The Patient (You),NULL,NULL
222,The Patient (You),NULL,NULL
223,The Patient (You),NULL,NULL
224,Karole McMaster,Brother,Miboo
225,The Patient (You),NULL,NULL
226,The Patient (You),NULL,NULL
227,The Patient (You),NULL,NULL
228,The Patient (You),NULL,NULL
229,The Patient (You),NULL,NULL
230,The Patient (You),NULL,NULL
231,The Patient (You),NULL,NULL
232,The Patient (You),NULL,NULL
233,The Patient (You),NULL,NULL
234,The Patient (You),NULL,NULL
235,The Patient (You),NULL,NULL
236,Fergus McLinden,Friend,Plambee
237,The Patient (You),NULL,NULL
238,The Patient (You),NULL,NULL
239,The Patient (You),NULL,NULL
240,Kellyann Davidescu,Daughter,Cogidoo
241,The Patient (You),NULL,NULL
242,The Patient (You),NULL,NULL
243,Dolly Newcomb,Cousin,Camido
244,The Patient (You),NULL,NULL
245,The Patient (You),NULL,NULL
246,Dave Sturror,Cousin,Ntag
247,The Patient (You),NULL,NULL
248,The Patient (You),NULL,NULL
249,The Patient (You),NULL,NULL
250,The Patient (You),NULL,NULL
251,The Patient (You),NULL,NULL
252,The Patient (You),NULL,NULL
253,Clayson Stickler,Cousin,Meemm
254,The Patient (You),NULL,NULL
255,The Patient (You),NULL,NULL
256,The Patient (You),NULL,NULL
257,The Patient (You),NULL,NULL
258,The Patient (You),NULL,NULL
259,The Patient (You),NULL,NULL
260,The Patient (You),NULL,NULL
261,Loren Queree,Daughter,Jazzy
262,The Patient (You),NULL,NULL
263,The Patient (You),NULL,NULL
264,The Patient (You),NULL,NULL
265,Thorstein Crossgrove,Daughter,Quire
266,The Patient (You),NULL,NULL
267,The Patient (You),NULL,NULL
268,The Patient (You),NULL,NULL
269,The Patient (You),NULL,NULL
270,The Patient (You),NULL,NULL
271,Gigi Darko,Mother,Wikibox
272,Wilmer Fealy,Son,Quatz
273,The Patient (You),NULL,NULL
274,Charmain Naismith,Brother,Wordware
275,The Patient (You),NULL,NULL
276,Martita Waddilove,Father,Thoughtbeat
277,The Patient (You),NULL,NULL
278,The Patient (You),NULL,NULL
279,The Patient (You),NULL,NULL
280,Chrissy Karpenko,Friend,Meevee
281,Camille Richardt,Brother,Twinte
282,The Patient (You),NULL,NULL
283,The Patient (You),NULL,NULL
284,Cammie Levins,Mother,Feedspan
285,The Patient (You),NULL,NULL
286,The Patient (You),NULL,NULL
287,The Patient (You),NULL,NULL
288,The Patient (You),NULL,NULL
289,The Patient (You),NULL,NULL
290,The Patient (You),NULL,NULL
291,The Patient (You),NULL,NULL
292,Johny Ziebart,Father,Kimia
293,The Patient (You),NULL,NULL
294,The Patient (You),NULL,NULL
295,The Patient (You),NULL,NULL
296,Skyler Millership,Friend,Shufflebeat
297,The Patient (You),NULL,NULL
298,Willette Pennycook,Sister,Midel
299,Pascale Littlejohns,Brother,Thoughtmix
300,The Patient (You),NULL,NULL
301,Garwin Drackford,Mother,InnoZ
302,Omero Ralton,Cousin,Shuffletag
303,The Patient (You),NULL,NULL
304,Cullen Saffin,Brother,Quatz
305,Ryan Isacq,Sister,Ntag
306,Kev O' Mullan,Spouse,Kazu
307,The Patient (You),NULL,NULL
308,Willow Lonsbrough,Son,Voonte
309,The Patient (You),NULL,NULL
310,The Patient (You),NULL,NULL
311,The Patient (You),NULL,NULL
312,The Patient (You),NULL,NULL
313,Florian Cully,Friend,Jaxbean
314,The Patient (You),NULL,NULL
315,The Patient (You),NULL,NULL
316,The Patient (You),NULL,NULL
317,Pavla Downey,Father,Zoovu
318,The Patient (You),NULL,NULL
319,The Patient (You),NULL,NULL
320,Meghan Hodinton,Friend,Vidoo
321,The Patient (You),NULL,NULL
322,The Patient (You),NULL,NULL
323,The Patient (You),NULL,NULL
324,The Patient (You),NULL,NULL
325,Emmalynn McCaughran,Brother,Kayveo
326,The Patient (You),NULL,NULL
327,The Patient (You),NULL,NULL
328,Lynn Yorke,Father,Demivee
329,The Patient (You),NULL,NULL
330,The Patient (You),NULL,NULL
331,The Patient (You),NULL,NULL
332,Delbert Courage,Sister,Tagtune
333,The Patient (You),NULL,NULL
334,Meggie Shingles,Daughter,Babbleblab
335,The Patient (You),NULL,NULL
336,Tedra Goodby,Friend,Voomm
337,The Patient (You),NULL,NULL
338,Brandais Marven,Daughter,Babbleopia
339,The Patient (You),NULL,NULL
340,The Patient (You),NULL,NULL
341,The Patient (You),NULL,NULL
342,Bernardina Mattecot,Friend,Voonyx
343,Waiter Mackerel,Friend,Teklist
344,The Patient (You),NULL,NULL
345,The Patient (You),NULL,NULL
346,The Patient (You),NULL,NULL
347,The Patient (You),NULL,NULL
348,The Patient (You),NULL,NULL
349,The Patient (You),NULL,NULL
350,The Patient (You),NULL,NULL
351,The Patient (You),NULL,NULL
352,The Patient (You),NULL,NULL
353,Kary Longhorne,Son,Avamm
354,Vin Moulding,Daughter,Jayo
355,The Patient (You),NULL,NULL
356,The Patient (You),NULL,NULL
357,Olympie Simoes,Friend,Kwilith
358,Winnifred Gwilliam,Brother,Reallinks
359,The Patient (You),NULL,NULL
360,Herb Skerrett,Brother,Yamia
361,The Patient (You),NULL,NULL
362,The Patient (You),NULL,NULL
363,The Patient (You),NULL,NULL
364,The Patient (You),NULL,NULL
365,The Patient (You),NULL,NULL
366,Marchelle Gillbee,Brother,Zoonoodle
367,Bernarr Cotelard,Spouse,Twitterbeat
368,The Patient (You),NULL,NULL
369,Lars Bretton,Daughter,Realbuzz
370,Dee McIlenna,Son,Ntag
371,The Patient (You),NULL,NULL
372,The Patient (You),NULL,NULL
373,The Patient (You),NULL,NULL
374,Blanch Briscam,Daughter,Zoonder
375,The Patient (You),NULL,NULL
376,The Patient (You),NULL,NULL
377,The Patient (You),NULL,NULL
378,Carley Physic,Sister,Vimbo
379,The Patient (You),NULL,NULL
380,The Patient (You),NULL,NULL
381,The Patient (You),NULL,NULL
382,The Patient (You),NULL,NULL
383,The Patient (You),NULL,NULL
384,The Patient (You),NULL,NULL
385,The Patient (You),NULL,NULL
386,The Patient (You),NULL,NULL
387,The Patient (You),NULL,NULL
388,The Patient (You),NULL,NULL
389,Daniel Emanuel,Brother,Oozz
390,The Patient (You),NULL,NULL
391,The Patient (You),NULL,NULL
392,The Patient (You),NULL,NULL
393,Aubert Fortesquieu,Father,Mudo
394,The Patient (You),NULL,NULL
395,The Patient (You),NULL,NULL
396,The Patient (You),NULL,NULL
397,Dulcie Wasson,Brother,Youfeed
398,The Patient (You),NULL,NULL
399,The Patient (You),NULL,NULL
400,The Patient (You),NULL,NULL
401,The Patient (You),NULL,NULL
402,Dominick Whanstall,Brother,Yakijo
403,The Patient (You),NULL,NULL
404,The Patient (You),NULL,NULL
405,The Patient (You),NULL,NULL
406,The Patient (You),NULL,NULL
407,The Patient (You),NULL,NULL
408,The Patient (You),NULL,NULL
409,Rosaline Dunne,Brother,Flipstorm
410,Alic Barnbrook,Friend,Rhyzio
411,The Patient (You),NULL,NULL
412,Killy Cavey,Sister,Voomm
413,Liesa Threader,Friend,Twitterlist
414,The Patient (You),NULL,NULL
415,Amargo Lethibridge,Daughter,Eire
416,The Patient (You),NULL,NULL
417,Gabriela Bottby,Sister,Tagtune
418,The Patient (You),NULL,NULL
419,Tabina Baudet,Mother,Yakijo
420,Jedd Lanfranchi,Mother,Livepath
421,The Patient (You),NULL,NULL
422,The Patient (You),NULL,NULL
423,Bernadina Jealous,Sister,Feedspan
424,The Patient (You),NULL,NULL
425,Teddi Gothrup,Sister,Mynte
426,Farleigh Whittington,Brother,Kare
427,Isaac Rickword,Father,Innojam
428,Adorne Spraggs,Spouse,Leexo
429,The Patient (You),NULL,NULL
430,The Patient (You),NULL,NULL
431,Bernete Hedgeman,Brother,Devshare
432,Rachele Betho,Friend,Aivee
433,The Patient (You),NULL,NULL
434,Issiah Hosten,Father,Roodel
435,Jeni Toffano,Son,Oodoo
436,The Patient (You),NULL,NULL
437,Margret Brewer,Brother,Gabcube
438,The Patient (You),NULL,NULL
439,The Patient (You),NULL,NULL
440,Dinah Mengue,Sister,Eare
441,Aveline O'Currine,Father,Skyvu
442,Zacharias Aireton,Friend,Jabbertype
443,The Patient (You),NULL,NULL
444,The Patient (You),NULL,NULL
445,The Patient (You),NULL,NULL
446,The Patient (You),NULL,NULL
447,Sully Strettell,Daughter,Rhynoodle
448,The Patient (You),NULL,NULL
449,The Patient (You),NULL,NULL
450,The Patient (You),NULL,NULL
451,The Patient (You),NULL,NULL
452,The Patient (You),NULL,NULL
453,Andre Mushrow,Spouse,Twitternation
454,The Patient (You),NULL,NULL
455,The Patient (You),NULL,NULL
456,The Patient (You),NULL,NULL
457,The Patient (You),NULL,NULL
458,The Patient (You),NULL,NULL
459,The Patient (You),NULL,NULL
460,Onfre Le Pine,Spouse,Kayveo
461,The Patient (You),NULL,NULL
462,The Patient (You),NULL,NULL
463,The Patient (You),NULL,NULL
464,The Patient (You),NULL,NULL
465,The Patient (You),NULL,NULL
466,Salomo Kebbell,Mother,Mybuzz
467,The Patient (You),NULL,NULL
468,Joelynn Tschierse,Father,Innojam
469,Sheree Fuggles,Sister,Plajo
470,The Patient (You),NULL,NULL
471,The Patient (You),NULL,NULL
472,The Patient (You),NULL,NULL
473,Tiphani Langlois,Daughter,Ooba
474,The Patient (You),NULL,NULL
475,The Patient (You),NULL,NULL
476,The Patient (You),NULL,NULL
477,Mackenzie Mora,Cousin,Fivespan
478,The Patient (You),NULL,NULL
479,The Patient (You),NULL,NULL
480,The Patient (You),NULL,NULL
481,The Patient (You),NULL,NULL
482,The Patient (You),NULL,NULL
483,Cherish Akrigg,Brother,Feedfish
484,Deedee Camps,Cousin,Dazzlesphere
485,The Patient (You),NULL,NULL
486,The Patient (You),NULL,NULL
487,The Patient (You),NULL,NULL
488,The Patient (You),NULL,NULL
489,The Patient (You),NULL,NULL
490,The Patient (You),NULL,NULL
491,The Patient (You),NULL,NULL
492,Elfrieda Eltone,Sister,Jaxspan
493,The Patient (You),NULL,NULL
494,Berte Nutting,Brother,Skipstorm
495,The Patient (You),NULL,NULL
496,The Patient (You),NULL,NULL
497,The Patient (You),NULL,NULL
498,The Patient (You),NULL,NULL
499,The Patient (You),NULL,NULL
500,The Patient (You),NULL,NULL
501,Jean Cullington,Sister,Feedmix
502,The Patient (You),NULL,NULL
503,The Patient (You),NULL,NULL
504,Lilla Brolan,Friend,Photolist
505,The Patient (You),NULL,NULL
506,The Patient (You),NULL,NULL
507,The Patient (You),NULL,NULL
508,The Patient (You),NULL,NULL
509,The Patient (You),NULL,NULL
510,Diahann Beri,Sister,Voolia
511,The Patient (You),NULL,NULL
512,The Patient (You),NULL,NULL
513,The Patient (You),NULL,NULL
514,Adi Flageul,Sister,Twinte
515,The Patient (You),NULL,NULL
516,The Patient (You),NULL,NULL
517,The Patient (You),NULL,NULL
518,The Patient (You),NULL,NULL
519,Meryl McCotter,Father,Minyx
520,The Patient (You),NULL,NULL
521,The Patient (You),NULL,NULL
522,The Patient (You),NULL,NULL
523,The Patient (You),NULL,NULL
524,The Patient (You),NULL,NULL
525,The Patient (You),NULL,NULL
526,Vivia Di Carli,Father,Thoughtstorm
527,The Patient (You),NULL,NULL
528,The Patient (You),NULL,NULL
529,The Patient (You),NULL,NULL
530,The Patient (You),NULL,NULL
531,The Patient (You),NULL,NULL
532,The Patient (You),NULL,NULL
533,The Patient (You),NULL,NULL
534,The Patient (You),NULL,NULL
535,Lolly Sagg,Brother,Jabbersphere
536,The Patient (You),NULL,NULL
537,The Patient (You),NULL,NULL
538,The Patient (You),NULL,NULL
539,The Patient (You),NULL,NULL
540,The Patient (You),NULL,NULL
541,The Patient (You),NULL,NULL
542,The Patient (You),NULL,NULL
543,Vern McKevany,Mother,Tazz
544,The Patient (You),NULL,NULL
545,The Patient (You),NULL,NULL
546,The Patient (You),NULL,NULL
547,Armand Hanvey,Son,Abatz
548,The Patient (You),NULL,NULL
549,The Patient (You),NULL,NULL
550,The Patient (You),NULL,NULL
551,Tarah Goundsy,Spouse,Rhynyx
552,Kanya Vargas,Cousin,Oodoo
553,The Patient (You),NULL,NULL
554,The Patient (You),NULL,NULL
555,The Patient (You),NULL,NULL
556,The Patient (You),NULL,NULL
557,The Patient (You),NULL,NULL
558,The Patient (You),NULL,NULL
559,The Patient (You),NULL,NULL
560,The Patient (You),NULL,NULL
561,Ebonee Camamile,Daughter,Innojam
562,The Patient (You),NULL,NULL
563,Evelin Rathe,Cousin,Vidoo
564,The Patient (You),NULL,NULL
565,The Patient (You),NULL,NULL
566,The Patient (You),NULL,NULL
567,The Patient (You),NULL,NULL
568,The Patient (You),NULL,NULL
569,Richardo Pitrollo,Friend,Photobug
570,The Patient (You),NULL,NULL
571,The Patient (You),NULL,NULL
572,Elita Hastilow,Sister,Bluejam
573,Mab Gask,Spouse,Shuffledrive
574,The Patient (You),NULL,NULL
575,Salli Waliszek,Mother,Meedoo
576,Willyt Pesterfield,Father,Twitterbeat
577,The Patient (You),NULL,NULL
578,The Patient (You),NULL,NULL
579,The Patient (You),NULL,NULL
580,The Patient (You),NULL,NULL
581,Delly Frise,Mother,Zoonoodle
582,The Patient (You),NULL,NULL
583,Harwilll Dowdell,Mother,Thoughtsphere
584,Armand Verson,Friend,Centidel
585,The Patient (You),NULL,NULL
586,Glennis Whilde,Sister,Yodel
587,Rici Filan,Son,Skinix
588,The Patient (You),NULL,NULL
589,Carla Castelain,Brother,Quaxo
590,The Patient (You),NULL,NULL
591,The Patient (You),NULL,NULL
592,The Patient (You),NULL,NULL
593,Dawn Wanklyn,Daughter,Jabbertype
594,The Patient (You),NULL,NULL
595,Jenny Del Monte,Friend,Zoomlounge
596,The Patient (You),NULL,NULL
597,The Patient (You),NULL,NULL
598,The Patient (You),NULL,NULL
599,Shaw Standon,Daughter,Realmix
600,Gallagher Nibloe,Mother,Bluejam
601,The Patient (You),NULL,NULL
602,The Patient (You),NULL,NULL
603,Fredi Rickert,Son,Zoomlounge
604,Emmey May,Brother,Zoomdog
605,The Patient (You),NULL,NULL
606,Susanna Balderson,Friend,Yambee
607,The Patient (You),NULL,NULL
608,The Patient (You),NULL,NULL
609,The Patient (You),NULL,NULL
610,The Patient (You),NULL,NULL
611,Maurene Geering,Daughter,Thoughtstorm
612,Celine Raft,Mother,Quimm
613,The Patient (You),NULL,NULL
614,The Patient (You),NULL,NULL
615,The Patient (You),NULL,NULL
616,The Patient (You),NULL,NULL
617,The Patient (You),NULL,NULL
618,The Patient (You),NULL,NULL
619,Sheela Covet,Cousin,Livetube
620,Shalna Catt,Daughter,Miboo
621,Caroline Mowsdill,Spouse,Skilith
622,The Patient (You),NULL,NULL
623,The Patient (You),NULL,NULL
624,Elyse Castilljo,Son,Twitterwire
625,Saunders Sentinella,Son,Yozio
626,Jill De Haven,Daughter,Kwideo
627,Barby Lukasen,Mother,Oyonder
628,Lazaro Pohling,Sister,Wordify
629,Jilli Somerville,Spouse,Oyope
630,The Patient (You),NULL,NULL
631,The Patient (You),NULL,NULL
632,Kora Blyth,Son,Oozz
633,The Patient (You),NULL,NULL
634,The Patient (You),NULL,NULL
635,Cleon Narracott,Father,Reallinks
636,Erinn Egleton,Mother,Zoozzy
637,The Patient (You),NULL,NULL
638,The Patient (You),NULL,NULL
639,The Patient (You),NULL,NULL
640,Gabbi Hastelow,Cousin,Linktype
641,The Patient (You),NULL,NULL
642,Randi Sollis,Son,Centimia
643,The Patient (You),NULL,NULL
644,The Patient (You),NULL,NULL
645,Krista Dettmar,Sister,Skipstorm
646,Karlene Mockett,Friend,Vipe
647,The Patient (You),NULL,NULL
648,The Patient (You),NULL,NULL
649,Artair Hannent,Brother,JumpXS
650,The Patient (You),NULL,NULL
651,The Patient (You),NULL,NULL
652,The Patient (You),NULL,NULL
653,Teresina Jobson,Friend,Avavee
654,The Patient (You),NULL,NULL
655,The Patient (You),NULL,NULL
656,The Patient (You),NULL,NULL
657,The Patient (You),NULL,NULL
658,Happy Defew,Mother,Trilia
659,The Patient (You),NULL,NULL
660,The Patient (You),NULL,NULL
661,Tyler Russan,Cousin,Buzzshare
662,Gabbie Figures,Cousin,Youtags
663,Sly Farragher,Mother,Devpulse
664,The Patient (You),NULL,NULL
665,The Patient (You),NULL,NULL
666,Tildie Circuit,Spouse,Tambee
667,The Patient (You),NULL,NULL
668,The Patient (You),NULL,NULL
669,The Patient (You),NULL,NULL
670,Ogdan Shafto,Mother,Edgeify
671,The Patient (You),NULL,NULL
672,Cole Byrnes,Cousin,Kamba
673,The Patient (You),NULL,NULL
674,Phedra Buttfield,Spouse,Twitterwire
675,The Patient (You),NULL,NULL
676,Rahal Camocke,Spouse,Eire
677,Pamelina Richmont,Brother,Bubblebox
678,Win Smithson,Friend,Twimbo
679,The Patient (You),NULL,NULL
680,The Patient (You),NULL,NULL
681,The Patient (You),NULL,NULL
682,The Patient (You),NULL,NULL
683,Skyler Santori,Sister,Yozio
684,Tammara Searson,Cousin,Voonyx
685,Bernarr Gartshore,Brother,Realmix
686,The Patient (You),NULL,NULL
687,The Patient (You),NULL,NULL
688,Charmion Rozycki,Spouse,Feedmix
689,Kara-lynn Bruckenthal,Son,Twimbo
690,Donaugh Gyurkovics,Friend,Lazzy
691,The Patient (You),NULL,NULL
692,Ara Earwicker,Cousin,Avamba
693,Dewey Calf,Mother,Fivebridge
694,The Patient (You),NULL,NULL
695,The Patient (You),NULL,NULL
696,Jasmin Munns,Cousin,Kanoodle
697,The Patient (You),NULL,NULL
698,Reed Eichmann,Father,Muxo
699,The Patient (You),NULL,NULL
700,The Patient (You),NULL,NULL
701,The Patient (You),NULL,NULL
702,Nye Athridge,Daughter,Meembee
703,Antone Hallan,Brother,Babbleset
704,The Patient (You),NULL,NULL
705,The Patient (You),NULL,NULL
706,The Patient (You),NULL,NULL
707,The Patient (You),NULL,NULL
708,Norah Pacher,Spouse,Edgepulse
709,The Patient (You),NULL,NULL
710,The Patient (You),NULL,NULL
711,The Patient (You),NULL,NULL
712,The Patient (You),NULL,NULL
713,The Patient (You),NULL,NULL
714,Leigha Geyton,Father,Zoovu
715,The Patient (You),NULL,NULL
716,The Patient (You),NULL,NULL
717,The Patient (You),NULL,NULL
718,The Patient (You),NULL,NULL
719,The Patient (You),NULL,NULL
720,Crystal O'Towey,Friend,Mymm
721,The Patient (You),NULL,NULL
722,The Patient (You),NULL,NULL
723,The Patient (You),NULL,NULL
724,The Patient (You),NULL,NULL
725,The Patient (You),NULL,NULL
726,The Patient (You),NULL,NULL
727,The Patient (You),NULL,NULL
728,The Patient (You),NULL,NULL
729,The Patient (You),NULL,NULL
730,The Patient (You),NULL,NULL
731,Davie Gannicott,Mother,Jabbertype
732,Farr Tax,Spouse,Skivee
733,The Patient (You),NULL,NULL
734,The Patient (You),NULL,NULL
735,The Patient (You),NULL,NULL
736,Quinn Feldfisher,Father,Latz
737,The Patient (You),NULL,NULL
738,The Patient (You),NULL,NULL
739,The Patient (You),NULL,NULL
740,Roby Gonning,Father,Wordware
741,The Patient (You),NULL,NULL
742,The Patient (You),NULL,NULL
743,The Patient (You),NULL,NULL
744,The Patient (You),NULL,NULL
745,Alex Osmar,Brother,Jaxbean
746,Byron Tudgay,Friend,Lajo
747,The Patient (You),NULL,NULL
748,Kalvin Grigoli,Friend,Trudoo
749,The Patient (You),NULL,NULL
750,The Patient (You),NULL,NULL
751,The Patient (You),NULL,NULL
752,The Patient (You),NULL,NULL
753,The Patient (You),NULL,NULL
754,The Patient (You),NULL,NULL
755,The Patient (You),NULL,NULL
756,The Patient (You),NULL,NULL
757,The Patient (You),NULL,NULL
758,The Patient (You),NULL,NULL
759,The Patient (You),NULL,NULL
760,The Patient (You),NULL,NULL
761,The Patient (You),NULL,NULL
762,Pall Everist,Brother,Jabbercube
763,Sonnie Oiseau,Sister,DabZ
764,Nicole Castelli,Brother,Oba
765,The Patient (You),NULL,NULL
766,The Patient (You),NULL,NULL
767,The Patient (You),NULL,NULL
768,The Patient (You),NULL,NULL
769,The Patient (You),NULL,NULL
770,The Patient (You),NULL,NULL
771,The Patient (You),NULL,NULL
772,The Patient (You),NULL,NULL
773,The Patient (You),NULL,NULL
774,The Patient (You),NULL,NULL
775,The Patient (You),NULL,NULL
776,The Patient (You),NULL,NULL
777,Anne-marie Cropton,Brother,Omba
778,The Patient (You),NULL,NULL
779,The Patient (You),NULL,NULL
780,Derward Wyllcocks,Spouse,Nlounge
781,The Patient (You),NULL,NULL
782,The Patient (You),NULL,NULL
783,Byron Kirsche,Mother,Gigaclub
784,The Patient (You),NULL,NULL
785,Hermia Carvell,Son,Shufflebeat
786,The Patient (You),NULL,NULL
787,Gasparo Cuttings,Mother,Topicstorm
788,The Patient (You),NULL,NULL
789,The Patient (You),NULL,NULL
790,The Patient (You),NULL,NULL
791,Kristen Seeborne,Friend,Oodoo
792,The Patient (You),NULL,NULL
793,The Patient (You),NULL,NULL
794,Obadias Nance,Sister,Dynabox
795,The Patient (You),NULL,NULL
796,The Patient (You),NULL,NULL
797,The Patient (You),NULL,NULL
798,The Patient (You),NULL,NULL
799,The Patient (You),NULL,NULL
800,The Patient (You),NULL,NULL
801,The Patient (You),NULL,NULL
802,The Patient (You),NULL,NULL
803,Concordia Prew,Cousin,Feedfire
804,The Patient (You),NULL,NULL
805,The Patient (You),NULL,NULL
806,Agneta Rowney,Mother,Oodoo
807,Helsa Iliffe,Cousin,Eimbee
808,The Patient (You),NULL,NULL
809,The Patient (You),NULL,NULL
810,The Patient (You),NULL,NULL
811,Zachariah Wincom,Father,Realcube
812,The Patient (You),NULL,NULL
813,The Patient (You),NULL,NULL
814,Benoite Immings,Daughter,Layo
815,The Patient (You),NULL,NULL
816,The Patient (You),NULL,NULL
817,The Patient (You),NULL,NULL
818,The Patient (You),NULL,NULL
819,The Patient (You),NULL,NULL
820,The Patient (You),NULL,NULL
821,The Patient (You),NULL,NULL
822,The Patient (You),NULL,NULL
823,The Patient (You),NULL,NULL
824,The Patient (You),NULL,NULL
825,The Patient (You),NULL,NULL
826,Rafferty Luigi,Sister,Edgetag
827,Danit Prator,Brother,Edgeify
828,The Patient (You),NULL,NULL
829,The Patient (You),NULL,NULL
830,The Patient (You),NULL,NULL
831,The Patient (You),NULL,NULL
832,The Patient (You),NULL,NULL
833,The Patient (You),NULL,NULL
834,The Patient (You),NULL,NULL
835,The Patient (You),NULL,NULL
836,The Patient (You),NULL,NULL
837,The Patient (You),NULL,NULL
838,Kessiah Hugnet,Father,Quamba
839,The Patient (You),NULL,NULL
840,The Patient (You),NULL,NULL
841,The Patient (You),NULL,NULL
842,The Patient (You),NULL,NULL
843,The Patient (You),NULL,NULL
844,The Patient (You),NULL,NULL
845,The Patient (You),NULL,NULL
846,The Patient (You),NULL,NULL
847,The Patient (You),NULL,NULL
848,The Patient (You),NULL,NULL
849,The Patient (You),NULL,NULL
850,The Patient (You),NULL,NULL
851,The Patient (You),NULL,NULL
852,The Patient (You),NULL,NULL
853,The Patient (You),NULL,NULL
854,The Patient (You),NULL,NULL
855,The Patient (You),NULL,NULL
856,The Patient (You),NULL,NULL
857,The Patient (You),NULL,NULL
858,The Patient (You),NULL,NULL
859,The Patient (You),NULL,NULL
860,Annmaria Colbert,Cousin,Fivechat
861,The Patient (You),NULL,NULL
862,The Patient (You),NULL,NULL
863,The Patient (You),NULL,NULL
864,The Patient (You),NULL,NULL
865,The Patient (You),NULL,NULL
866,The Patient (You),NULL,NULL
867,Enos Novis,Brother,Zoombeat
868,Dionis Caulcutt,Sister,Thoughtsphere
869,The Patient (You),NULL,NULL
870,The Patient (You),NULL,NULL
871,The Patient (You),NULL,NULL
872,The Patient (You),NULL,NULL
873,The Patient (You),NULL,NULL
874,The Patient (You),NULL,NULL
875,Philippine Hiorn,Spouse,Voolia
876,The Patient (You),NULL,NULL
877,The Patient (You),NULL,NULL
878,The Patient (You),NULL,NULL
879,The Patient (You),NULL,NULL
880,The Patient (You),NULL,NULL
881,The Patient (You),NULL,NULL
882,The Patient (You),NULL,NULL
883,The Patient (You),NULL,NULL
884,Heall Moggan,Brother,Rhycero
885,The Patient (You),NULL,NULL
886,The Patient (You),NULL,NULL
887,The Patient (You),NULL,NULL
888,The Patient (You),NULL,NULL
889,The Patient (You),NULL,NULL
890,The Patient (You),NULL,NULL
891,The Patient (You),NULL,NULL
892,The Patient (You),NULL,NULL
893,The Patient (You),NULL,NULL
894,The Patient (You),NULL,NULL
895,The Patient (You),NULL,NULL
896,Perry Clemitt,Son,Devbug
897,The Patient (You),NULL,NULL
898,The Patient (You),NULL,NULL
899,The Patient (You),NULL,NULL
900,The Patient (You),NULL,NULL
901,The Patient (You),NULL,NULL
902,The Patient (You),NULL,NULL
903,The Patient (You),NULL,NULL
904,The Patient (You),NULL,NULL
905,The Patient (You),NULL,NULL
906,The Patient (You),NULL,NULL
907,The Patient (You),NULL,NULL
908,The Patient (You),NULL,NULL
909,The Patient (You),NULL,NULL
910,Edan Syme,Mother,Devshare
911,Claude Popland,Son,Oyoyo
912,The Patient (You),NULL,NULL
913,The Patient (You),NULL,NULL
914,The Patient (You),NULL,NULL
915,The Patient (You),NULL,NULL
916,The Patient (You),NULL,NULL
917,Rogerio Chellenham,Spouse,Tagchat
918,Wally De L'Isle,Son,BlogXS
919,Aila Pople,Brother,Rooxo
920,The Patient (You),NULL,NULL
921,The Patient (You),NULL,NULL
922,The Patient (You),NULL,NULL
923,The Patient (You),NULL,NULL
924,The Patient (You),NULL,NULL
925,The Patient (You),NULL,NULL
926,The Patient (You),NULL,NULL
927,The Patient (You),NULL,NULL
928,The Patient (You),NULL,NULL
929,The Patient (You),NULL,NULL
930,The Patient (You),NULL,NULL
931,The Patient (You),NULL,NULL
932,Dory O'Brallaghan,Son,Kare
933,The Patient (You),NULL,NULL
934,The Patient (You),NULL,NULL
935,The Patient (You),NULL,NULL
936,Lura Compston,Friend,Wordify
937,The Patient (You),NULL,NULL
938,The Patient (You),NULL,NULL
939,Lotti Stoggell,Sister,Rhyzio
940,Cassi Dowley,Spouse,Trilith
941,The Patient (You),NULL,NULL
942,The Patient (You),NULL,NULL
943,The Patient (You),NULL,NULL
944,The Patient (You),NULL,NULL
945,The Patient (You),NULL,NULL
946,The Patient (You),NULL,NULL
947,The Patient (You),NULL,NULL
948,The Patient (You),NULL,NULL
949,The Patient (You),NULL,NULL
950,The Patient (You),NULL,NULL
951,Elwood Bontine,Sister,Midel
952,Ermengarde Kures,Brother,Youopia
953,The Patient (You),NULL,NULL
954,The Patient (You),NULL,NULL
955,Terri Curzey,Mother,Abata
956,The Patient (You),NULL,NULL
957,The Patient (You),NULL,NULL
958,The Patient (You),NULL,NULL
959,Gert Lockyear,Spouse,Lajo
960,The Patient (You),NULL,NULL
961,Corabella Jarley,Brother,Thoughtblab
962,The Patient (You),NULL,NULL
963,The Patient (You),NULL,NULL
964,The Patient (You),NULL,NULL
965,The Patient (You),NULL,NULL
966,Bryn Durbin,Mother,Ntags
967,The Patient (You),NULL,NULL
968,Giraldo Northwood,Spouse,Thoughtsphere
969,The Patient (You),NULL,NULL
970,The Patient (You),NULL,NULL
971,The Patient (You),NULL,NULL
972,The Patient (You),NULL,NULL
973,The Patient (You),NULL,NULL
974,The Patient (You),NULL,NULL
975,The Patient (You),NULL,NULL
976,The Patient (You),NULL,NULL
977,The Patient (You),NULL,NULL
978,The Patient (You),NULL,NULL
979,Rozalin Corneille,Sister,Voonix
980,The Patient (You),NULL,NULL
981,The Patient (You),NULL,NULL
982,Sharyl Doughartie,Spouse,Oba
983,The Patient (You),NULL,NULL
984,Karry Bennet,Friend,Kwinu
985,Gracia Morby,Cousin,Tazzy
986,The Patient (You),NULL,NULL
987,The Patient (You),NULL,NULL
988,The Patient (You),NULL,NULL
989,The Patient (You),NULL,NULL
990,Rossy Latchford,Brother,Meezzy
991,The Patient (You),NULL,NULL
992,The Patient (You),NULL,NULL
993,Donelle Deverson,Daughter,Trilith
994,The Patient (You),NULL,NULL
995,The Patient (You),NULL,NULL
996,The Patient (You),NULL,NULL
997,Di Isakovitch,Daughter,Kazio
998,The Patient (You),NULL,NULL
999,The Patient (You),NULL,NULL
1000,The Patient (You),NULL,NULL
